Workbook

Sheet Sheet1
A1: Table Name | B1: Table With Data | C1: Script Type
A2: OTPRequests | B2: NO
A3: RegisteredDevices | B3: NO
A4: tblAccountType | B4: YES | C4: Use Exists
A5: tblAppConfig | B5: YES | C5: Use Exists
A6: tblAppPasswordSettings | B6: YES | C6: Use Exists
A7: tblBeatSalesmanMapping | B7: NO
A8: tblCollPMDetails | B8: NO
A9: tblColorSettings | B9: YES | C9: Use Exists
A10: tblCompanyRegistration | B10: NO
A11: tblContraMode | B11: YES | C11: Use Exists
A12: tblContraType | B12: YES | C12: Use Exists
A13: tblDocumentSeries | B13: YES
A14: tblFAAccount | B14: YES | C14: Use Exists
A15: tblFAGroup | B15: YES | C15: Use Exists
A16: tblFAJournal | B16: NO
A17: tblFAJournelCancel | B17: NO
A18: tblFAType | B18: YES | C18: Use Exists
A19: tblFilterDates | B19: YES | C19: Use Exists
A20: tblGSTStateNameandCode | B20: YES | C20: Use Exists
A21: tblInventoryDetail | B21: NO
A22: tblInventoryHeader | B22: NO
A23: tblMasterBank | B23: YES | C23: Use Exists
A24: tblMasterBankAccount | B24: NO
A25: tblMasterBeat | B25: NO
A26: tblMasterBranchOffice | B26: NO
A27: tblMasterBrand | B27: NO
A28: tblMasterCategory | B28: NO
A29: tblMasterChequeBook | B29: NO
A30: tblMasterChequeBookDetail | B30: NO
A31: tblMasterCreditTerm | B31: NO
A32: tblMasterCustomer | B32: NO
A33: tblMasterCustomerRemarks | B33: NO
A34: tblMasterCustomerType | B34: NO
A35: tblMasterCustomerVendorHistory | B35: NO
... A46: tblMasterReturnType | B46: NO
A47: tblMasterRole | B47: YES | C47: Use Exists
A48: tblMasterSalesman | B48: NO
A49: tblMasterSalesmanGroup | B49: NO
A50: tblMasterService | B50: NO
A51: tblMasterTax | B51: YES | C51: Use Exists
A52: tblMasterTaxComponent | B52: YES | C52: Use Exists
A53: tblMasterTaxDetail | B53: YES | C53: Use Exists
A54: tblMasterTaxType | B54: YES | C54: Use Exists
A55: tblMasterUOM | B55: NO
A56: tblMasterUserDefineNoDetail | B56: NO
A57: tblMasterUserDefineNoHeader | B57: NO
A58: tblMasterVehicle | B58: NO
A59: tblMasterVendor | B59: NO
A60: tblMenus | B60: YES
A61: tblNoteDetails | B61: NO
A62: tblParameterInfo | B62: YES
A63: tblPaymentMode | B63: YES | C63: Use Exists
A64: tblPaymentPMDetail | B64: NO
A65: tblPriceChangeHistory | B65: NO
A66: tblPriceType | B66: YES | C66: Use Exists
A67: tblPrintConfig | B67: YES
A68: tblPrintConfigDetail | B68: YES
A69: tblPrinterConfig | B69: NO
A70: tblPrintMesureUnit | B70: YES | C70: Use Exists
A71: tblPrintPaperSize | B71: YES | C71: Use Exists
A72: tblProductInventory | B72: NO
A73: tblPurchaseDraftDetail | B73: NO
A74: tblPurchaseDraftHeader | B74: NO
A75: tblPurchaseOrderDetail | B75: NO
A76: tblPurchaseOrderHeader | B76: NO
A77: tblQuotationDetail | B77: NO
A78: tblQuotationHeader | B78: NO
A79: tblRatings | B79: YES | C79: Use Exists
A80: tblRefreshTokens | B80: NO
A81: tblReportViewer | B81: YES
A82: tblRolePermissions | B82: NO
A83: tblSalesDraftDetail | B83: NO
A84: tblSalesDraftHeader | B84: NO
A85: tblSampValidation | B85: NO
A86: tblStatus | B86: YES | C86: Use Exists
A87: tblTablesNames | B87: YES
A88: tblTran_Sale_Bill_PaymentDetail | B88: NO
A89: tblTranChequeDeposit | B89: NO
A90: tblTranCollectionDetail | B90: NO
A91: tblTranCollectionHeader | B91: NO
A92: tblTranContra | B92: NO
A93: tblTranPaymentDetail | B93: NO
A94: tblTranPaymentHeader | B94: NO
A95: tblTranPRVoucher | B95: NO
A96: tblTranSalesDetail | B96: NO
A97: tblTranSalesHeader | B97: NO
A98: tblTransAutomaticIndentDetail | B98: NO
... A104: tblTransSaleAdjDetail | B104: NO
A105: tblUsers | B105: YES | C105: Use Exists
A106: tblWeekCycle | B106: YES | C106: Use Exists
A107: tblProductTransactionprices | B107: NO
A108: tblMasterScheme | B108: NO
A109: tblTranOrderCollectionDetail | B109: NO
A110: tblTranOrderCollectionHeader | B110: NO
A111: tblAssignInvoicesDetail | B111: NO
A112: tblAssignInvoicesHeader | B112: NO
A113: tblTranOrderTakenHeader | B113: NO
A114: tblTranOrderTakenDetail | B114: NO
A115: tblMasterDiscountSchemeDetail | B115: NO
...

Sheet Sheet2
A1: name | C1: HAS TABLE
A2: tblProductTransactionprices | C2: =VLOOKUP($A2,Sheet1!A$2:$B$106,1,FALSE) -> #N/A
A3: tblMasterScheme | C3: =VLOOKUP($A3,Sheet1!A$2:$B$106,1,FALSE) -> #N/A
A4: tblTranOrderCollectionDetail | C4: =VLOOKUP($A4,Sheet1!A$2:$B$106,1,FALSE) -> #N/A
A5: tblTranOrderCollectionHeader | C5: =VLOOKUP($A5,Sheet1!A$2:$B$106,1,FALSE) -> #N/A
A6: tblAssignInvoicesDetail | C6: =VLOOKUP($A6,Sheet1!A$2:$B$106,1,FALSE) -> #N/A
A7: tblAssignInvoicesHeader | C7: =VLOOKUP($A7,Sheet1!A$2:$B$106,1,FALSE) -> #N/A
A8: tblTranOrderTakenHeader | C8: =VLOOKUP($A8,Sheet1!A$2:$B$106,1,FALSE) -> #N/A
A9: tblTranOrderTakenDetail | C9: =VLOOKUP($A9,Sheet1!A$2:$B$106,1,FALSE) -> #N/A
A10: tblAppPasswordSettings | C10: =VLOOKUP($A10,Sheet1!A$2:$B$106,1,FALSE) -> tblAppPasswordSettings
A11: tblMasterDiscountSchemeDetail | C11: =VLOOKUP($A11,Sheet1!A$2:$B$106,1,FALSE) -> #N/A
A12: tblMasterDiscountSchemeHeader | C12: =VLOOKUP($A12,Sheet1!A$2:$B$106,1,FALSE) -> #N/A
A13: tblFilterDates | C13: =VLOOKUP($A13,Sheet1!A$2:$B$106,1,FALSE) -> tblFilterDates
... A116: tblFAAccount | C116: =VLOOKUP($A116,Sheet1!A$2:$B$106,1,FALSE) -> tblFAAccount
